MISSING COMPONENT REFERENCES REPORT (BY SHEET)
Generated: 2026-02-26 16:00:47

WHAT TO FIX:
The following component names in your Excel sheets don't match any uploaded components.
Please check the spelling or make sure these components exist in the system.

====================================================================================================

SHEET: Ground Accom
---------------------------------------------------------------------------------------------------------
Row      | Row Name                             | Missing Component                    | Type            
---------------------------------------------------------------------------------------------------------
28       | Ayres De Recoleta                    | "Ayres De Recoleta"                  | location        
142      | Hilton Garden Inn Santiago Airport   | "Hilton Garden Inn Santiago Airport" | location        
385      | Poincenot Comfort Camp               | "Poincenot Comfort Camp"             | location        
433      | Santiago Airport Holiday Inn         | "Santiago Airport Holiday Inn"       | location        

SHEET: Journeys
------------------------------------------------------------------------------------------------------------------------------------------------------------------------------------------------------------------------
Row      | Row Name                                                                                                                | Missing Component                                                | Type            
------------------------------------------------------------------------------------------------------------------------------------------------------------------------------------------------------------------------
5        | Puerto Natales to Pehoé/Serrano Village/Administra                                                                      | "Pehoé/Serrano Village/Administration"                           | location        
11       | Puerto Natales Airport (PNT) to Refugio Central/Ec                                                                      | "Puerto Natales Airport (PNT)"                                   | location        
12       | Punta Arenas Airport (PUQ) to Refugio Central/EcoC                                                                      | "Punta Arenas Airport (PUQ)"                                     | location        
17       | Puerto Natales Airport (PNT) to Explora Torres del                                                                      | "Puerto Natales Airport (PNT)"                                   | location        
18       | Punta Arenas Airport (PUQ) to Explora Torres del P                                                                      | "Punta Arenas Airport (PUQ)"                                     | location        
25       | Patagonia Camp to Puerto Natales Airport (PNT) or                                                                       | "Puerto Natales Airport (PNT)"                                   | location        
26       | Patagonia Camp to Punta Arenas Airport (PUQ) or re                                                                      | "Punta Arenas Airport (PUQ)"                                     | location        
30       | Puerto Natales Airport (PNT) to Hotel Rio Serrano                                                                       | "Puerto Natales Airport (PNT)"                                   | location        
32       | Punta Arenas Airport (PUQ) to Hotel Rio Serrano or                                                                      | "Punta Arenas Airport (PUQ)"                                     | location        
35       | Puerto Natales Airport (PNT) to Hotel Las Torres o                                                                      | "Puerto Natales Airport (PNT)"                                   | location        
37       | Punta Arenas Airport (PUQ) to Hotel Las Torres or                                                                       | "Punta Arenas Airport (PUQ)"                                     | location        
42       | Puerto Natales Airport (PNT) to Tierra Patagonia o                                                                      | "Puerto Natales Airport (PNT)"                                   | location        
44       | Puerto Natales Airport (PNT) to Cerro Guido or rev                                                                      | "Puerto Natales Airport (PNT)"                                   | location        
46       | Punta Arenas Airport (PUQ) to Cerro Guido or rever                                                                      | "Punta Arenas Airport (PUQ)"                                     | location        
49       | Puerto Natales Airport (PNT) to Puerto Natales or                                                                       | "Puerto Natales Airport (PNT)"                                   | location        
52       | Punta Arenas Airport (PUQ) to Punta Arenas or reve                                                                      | "Punta Arenas Airport (PUQ)"                                     | location        
62       | El Chaltén to Los Huemules Reserve/Explora Chaltén                                                                      | "Los Huemules Reserve/Explora Chaltén"                           | location        
71       | El Calafate (Hotels) to El Calafate Airport (FTE)                                                                       | "El Calafate Airport (FTE)"                                      | location        
72       | El Calafate Airport (FTE) to El Chaltén or reverse                                                                      | "El Calafate Airport (FTE)"                                      | location        
74       | El Calafate Airport (FTE) to Explora El Chaltén or                                                                      | "El Calafate Airport (FTE)"                                      | location        
75       | El Calafate Airport (FTE) to Eolo or reverse                                                                            | "El Calafate Airport (FTE)"                                      | location        
77       | Puerto Montt Airport (PMC) to Puerto Varas or reve                                                                      | "Puerto Montt, El Tepual Airport (PMC)"                          | location        
78       | Puerto Montt Airport (PMC) to Chiloe or reverse                                                                         | "Puerto Montt, El Tepual Airport (PMC)"                          | location        
81       | Temuco Airport (ZCO) to Parque Futangue or reverse                                                                      | "Temuco Airport (ZCO)"                                           | location        
83       | Puerto Montt Airport (PMC) to Parque Futangue or r                                                                      | "Puerto Montt, El Tepual Airport (PMC)"                          | location        
84       | Puerto Montt Airport (PMC) to Skorpios Pier or rev                                                                      | "Puerto Montt, El Tepual Airport (PMC)"                          | location        
85       | Puerto Montt Airport (PMC) to Petrohue or reverse                                                                       | "Puerto Montt, El Tepual Airport (PMC)"                          | location        
87       | Puerto Montt Airport (PMC) to Castro (Chiloe) or r                                                                      | "Puerto Montt, El Tepual Airport (PMC)"                          | location        
91       | Puerto Montt Airport (PMC) to AWA or reverse                                                                            | "Puerto Montt, El Tepual Airport (PMC)"                          | location        
92       | Castro Mocopulli Airport (MHC) to Refugia Chiloe o                                                                      | "Castro Mocopuli Airport (MHC)"                                  | location        
93       | Puerto Montt Airport (PMC) to Refugia Chiloe or re                                                                      | "Puerto Montt, El Tepual Airport (PMC)"                          | location        
97       | Puerto Montt Airport (PMC) to Barraco Lodge (Tagua                                                                      | "Puerto Montt, El Tepual Airport (PMC)"                          | location        
107      | Temuco Airport (ZCO) to Pucon or reverse                                                                                | "Temuco Airport (ZCO)"                                           | location        
113      | Balmaceda Airport (BBA) to Cerro Castillo or rever                                                                      | "Balmaceda Airport (BBA)"                                        | location        
116      | Mallin Colorado to Balmaceda Airport (BBA)                                                                              | "Balmaceda Airport (BBA)"                                        | location        
123      | Puerto Varas to Puerto Montt Aerodrome (for Chaite                                                                      | "Puerto Montt Aerodrome (SCPF)"                                  | location        
131      | Balmaceda Airport (BBA) to Explora Patagonia Natio                                                                      | "Balmaceda Airport (BBA)"                                        | location        
138      | Bariloche Airport (BRC) to Bariloche or reverse                                                                         | "Bariloche Airport (BRC)"                                        | location        
140      | Bariloche Airport (BRC) to Peuma Hue or reverse                                                                         | "Bariloche Airport (BRC)"                                        | location        
146      | Aeroparque Internacional Jorge Newbery (AEP) - Min                                                                      | "Aeroparque Internacional Jorge Newbery (AEP)"                   | location        
146      | Aeroparque Internacional Jorge Newbery (AEP) - Min                                                                      | "Ministro Pistarini International Airport, Ezeiza (EZE)"         | location        
147      | Aeroparque Internacional Jorge Newbery (AEP) - Pal                                                                      | "Aeroparque Internacional Jorge Newbery (AEP)"                   | location        
148      | Ministro Pistarini International Airport, Ezeiza (                                                                      | "Ministro Pistarini International Airport, Ezeiza (EZE)"         | location        
149      | Aeroparque Internacional Jorge Newbery (AEP) - Rec                                                                      | "Aeroparque Internacional Jorge Newbery (AEP)"                   | location        
150      | Ministro Pistarini International Airport, Ezeiza (                                                                      | "Ministro Pistarini International Airport, Ezeiza (EZE)"         | location        
151      | Aeroparque Internacional Jorge Newbery (AEP) - San                                                                      | "Aeroparque Internacional Jorge Newbery (AEP)"                   | location        
152      | Ministro Pistarini International Airport, Ezeiza (                                                                      | "Ministro Pistarini International Airport, Ezeiza (EZE)"         | location        
155      | Aeroparque Internacional Jorge Newbery (AEP) - San                                                                      | "Aeroparque Internacional Jorge Newbery (AEP)"                   | location        
156      | Ministro Pistarini International Airport, Ezeiza (                                                                      | "Ministro Pistarini International Airport, Ezeiza (EZE)"         | location        
161      | Aeroparque Internacional Jorge Newbery (AEP) - Por                                                                      | "Aeroparque Internacional Jorge Newbery (AEP)"                   | location        
162      | Ministro Pistarini International Airport, Ezeiza (                                                                      | "Ministro Pistarini International Airport, Ezeiza (EZE)"         | location        
169      | Aeroparque Internacional Jorge Newbery (AEP) - Cit                                                                      | "Aeroparque Internacional Jorge Newbery (AEP)"                   | location        
170      | Ministro Pistarini International Airport, Ezeiza (                                                                      | "Ministro Pistarini International Airport, Ezeiza (EZE)"         | location        
171      | Ushuaia Malvinas Argentinas (USH) - Hotel (City Ce                                                                      | "Ushuaia - Malvinas Argentinas International Airport (USH)"      | location        
172      | Ushuaia Malvinas Argentinas (USH) - Port or revers                                                                      | "Ushuaia - Malvinas Argentinas International Airport (USH)"      | location        
175      | Arturo Merino Benitez International Airport SCL -                                                                       | "Arturo Merino Benítez International Airport (SCL)"              | location        
177      | Arturo Merino Benitez International Airport SCL -                                                                       | "Arturo Merino Benítez International Airport (SCL)"              | location        
179      | Arturo Merino Benitez International Airport SCL -                                                                       | "Arturo Merino Benítez International Airport (SCL)"              | location        
181      | Arturo Merino Benitez International Airport SCL -                                                                       | "Arturo Merino Benítez International Airport (SCL)"              | location        
183      | Arturo Merino Benitez International Airport SCL -                                                                       | "Arturo Merino Benítez International Airport (SCL)"              | location        
185      | Arturo Merino Benitez International Airport SCL -                                                                       | "Arturo Merino Benítez International Airport (SCL)"              | location        
187      | Arturo Merino Benitez International Airport SCL -                                                                       | "Arturo Merino Benítez International Airport (SCL)"              | location        
189      | Arturo Merino Benitez International Airport SCL -                                                                       | "Arturo Merino Benítez International Airport (SCL)"              | location        
191      | Arturo Merino Benitez International Airport SCL -                                                                       | "Arturo Merino Benítez International Airport (SCL)"              | location        
193      | Arturo Merino Benitez International Airport SCL to                                                                      | "Arturo Merino Benítez International Airport (SCL)"              | location        
195      | Arturo Merino Benitez International Airport SCL -                                                                       | "Arturo Merino Benítez International Airport (SCL)"              | location        
198      | Arturo Merino Benitez International Airport SCL -                                                                       | "Arturo Merino Benítez International Airport (SCL)"              | location        
200      | Arturo Merino Benitez International Airport SCL -                                                                       | "Arturo Merino Benítez International Airport (SCL)"              | location        
202      | El Plumerillo International Airport, Mendoza MDZ -                                                                      | "El Plumerillo International Airport, Mendoza MDZ"               | location        
204      | El Plumerillo International Airport, Mendoza MDZ -                                                                      | "El Plumerillo International Airport, Mendoza MDZ"               | location        
206      | El Plumerillo International Airport, Mendoza MDZ -                                                                      | "El Plumerillo International Airport, Mendoza MDZ"               | location        
208      | El Plumerillo International Airport, Mendoza MDZ -                                                                      | "El Plumerillo International Airport, Mendoza MDZ"               | location        
210      | El Plumerillo International Airport, Mendoza MDZ -                                                                      | "El Plumerillo International Airport, Mendoza MDZ"               | location        
215      | El Loa Airport CJC - San Pedro de Atacama or rever                                                                      | "El Loa Airport (CJC)"                                           | location        
218      | Cataratas of Iguazu International Airport IGR - Pu                                                                      | "Cataratas del Iguazú International Airport (IGR)"               | location        
219      | Foz do Iguaçu International Airport IGU - Puerto I                                                                      | "Foz do Iguaçu International Airport (IGU)"                      | location        
220      | Cataratas of Iguazu International Airport IGR - Be                                                                      | "Cataratas del Iguazú International Airport (IGR)"               | location        
221      | Foz do Iguaçu International Airport IGU - Belmond                                                                       | "Foz do Iguaçu International Airport (IGU)"                      | location        
222      | Cataratas of Iguazu International Airport IGR - Gr                                                                      | "Cataratas del Iguazú International Airport (IGR)"               | location        
223      | Foz do Iguaçu International Airport IGU - Grand Me                                                                      | "Foz do Iguaçu International Airport (IGU)"                      | location        
227      | Presidente Carlos Ibáñez del Campo International A                                                                      | "Presidente Carlos Ibáñez del Campo International Airport (PUQ)" | location        
228      | Presidente Carlos Ibáñez del Campo International A                                                                      | "Presidente Carlos Ibáñez del Campo International Airport (PUQ)" | location        
229      | Presidente Carlos Ibáñez del Campo International A                                                                      | "Presidente Carlos Ibáñez del Campo International Airport (PUQ)" | location        
233      | Punta Arenas Hotel - Torres del Paine via Cerro Ne                                                                      | "Torres Del Paine"                                               | location        
237      | Calama Airport (CJC) to San Pedro de Atacama (All                                                                       | "Calama Airport (CJC)"                                           | location        
258      | Explora Uyuni Lodge to Uyuni Airport (UYU)                                                                              | "Uyuni Airport (UYU)"                                            | location        
259      | Explora Uyuni Lodge to Calama Airport (CJC)                                                                             | "Calama Airport (CJC)"                                           | location        
262      | Calama Airport (CJC) to Explora Atacama or reverse                                                                      | "Calama Airport (CJC)"                                           | location        
263      | Calama Airport (CJC) to Tierra Atacama or reverse                                                                       | "Calama Airport (CJC)"                                           | location        
264      | Calama Airport (CJC) to Awasi Atacama or reverse                                                                        | "Calama Airport (CJC)"                                           | location        
265      | Mataveri International Airport (IPC) - Explora Rap                                                                      | "Mataveri International Airport (IPC)"                           | location        
266      | Mataveri International Airport (IPC) - Hotel Taha                                                                       | "Mataveri International Airport (IPC)"                           | location        
313      | Aeroparque Internacional Jorge Newbery (AEP) - Min                                                                      | "Aeroparque Internacional Jorge Newbery (AEP)"                   | location        
313      | Aeroparque Internacional Jorge Newbery (AEP) - Min                                                                      | "Ministro Pistarini International Airport, Ezeiza (EZE)"         | location        
314      | Aeroparque Internacional Jorge Newbery (AEP) - Pal                                                                      | "Aeroparque Internacional Jorge Newbery (AEP)"                   | location        
315      | Ministro Pistarini International Airport, Ezeiza (                                                                      | "Ministro Pistarini International Airport, Ezeiza (EZE)"         | location        
316      | Aeroparque Internacional Jorge Newbery (AEP) - Rec                                                                      | "Aeroparque Internacional Jorge Newbery (AEP)"                   | location        
317      | Ministro Pistarini International Airport, Ezeiza (                                                                      | "Ministro Pistarini International Airport, Ezeiza (EZE)"         | location        
318      | Aeroparque Internacional Jorge Newbery (AEP) - San                                                                      | "Aeroparque Internacional Jorge Newbery (AEP)"                   | location        
319      | Ministro Pistarini International Airport, Ezeiza (                                                                      | "Ministro Pistarini International Airport, Ezeiza (EZE)"         | location        
322      | Aeroparque Internacional Jorge Newbery (AEP) - San                                                                      | "Aeroparque Internacional Jorge Newbery (AEP)"                   | location        
323      | Ministro Pistarini International Airport, Ezeiza (                                                                      | "Ministro Pistarini International Airport, Ezeiza (EZE)"         | location        
328      | Aeroparque Internacional Jorge Newbery (AEP) - Por                                                                      | "Aeroparque Internacional Jorge Newbery (AEP)"                   | location        
329      | Ministro Pistarini International Airport, Ezeiza (                                                                      | "Ministro Pistarini International Airport, Ezeiza (EZE)"         | location        
336      | Aeroparque Internacional Jorge Newbery (AEP) - Cit                                                                      | "Aeroparque Internacional Jorge Newbery (AEP)"                   | location        
337      | Ministro Pistarini International Airport, Ezeiza (                                                                      | "Ministro Pistarini International Airport, Ezeiza (EZE)"         | location        
338      | Ushuaia Malvinas Argentinas (USH) - Hotel (City Ce                                                                      | "Ushuaia - Malvinas Argentinas International Airport (USH)"      | location        
339      | Ushuaia Malvinas Argentinas (USH) - Port or revers                                                                      | "Ushuaia - Malvinas Argentinas International Airport (USH)"      | location        
342      | Arturo Merino Benitez International Airport SCL -                                                                       | "Arturo Merino Benítez International Airport (SCL)"              | location        
344      | Arturo Merino Benitez International Airport SCL -                                                                       | "Arturo Merino Benítez International Airport (SCL)"              | location        
346      | Arturo Merino Benitez International Airport SCL -                                                                       | "Arturo Merino Benítez International Airport (SCL)"              | location        
348      | Arturo Merino Benitez International Airport SCL -                                                                       | "Arturo Merino Benítez International Airport (SCL)"              | location        
350      | Arturo Merino Benitez International Airport SCL -                                                                       | "Arturo Merino Benítez International Airport (SCL)"              | location        
352      | Arturo Merino Benitez International Airport SCL -                                                                       | "Arturo Merino Benítez International Airport (SCL)"              | location        
354      | Arturo Merino Benitez International Airport SCL -                                                                       | "Arturo Merino Benítez International Airport (SCL)"              | location        
356      | Arturo Merino Benitez International Airport SCL -                                                                       | "Arturo Merino Benítez International Airport (SCL)"              | location        
358      | Arturo Merino Benitez International Airport SCL -                                                                       | "Arturo Merino Benítez International Airport (SCL)"              | location        
360      | Arturo Merino Benitez International Airport SCL to                                                                      | "Arturo Merino Benítez International Airport (SCL)"              | location        
362      | Arturo Merino Benitez International Airport SCL -                                                                       | "Arturo Merino Benítez International Airport (SCL)"              | location        
365      | Arturo Merino Benitez International Airport SCL -                                                                       | "Arturo Merino Benítez International Airport (SCL)"              | location        
367      | Arturo Merino Benitez International Airport SCL -                                                                       | "Arturo Merino Benítez International Airport (SCL)"              | location        
376      | Puerto Natales Airport (PNT) to Pudeto or reverse                                                                       | "Puerto Natales Airport (PNT)"                                   | location        
435      | Oco's Place to Barraco Lodge or reverse                                                                                 | "Oco's Place"                                                    | location        
438      | Hotel Remota to the Rupestre area or reverse                                                                            | "Rupestre"                                                       | location        
483      | Puerto Iguazu (IGR) to Activity or reverse                                                                              | "Cataratas del Iguazú International Airport (IGR)"               | location        
485      | Cataratas/Puerto Iguazú Hotel to Puerto Iguazú Air                                                                      | "Cataratas del Iguazú International Airport (IGR)"               | location        
486      | Foz do Iguaçu International Airport (IGU) to Awasi                                                                      | "Foz do Iguaçu International Airport (IGU)"                      | location        
487      | Cataratas del Iguazú International Airport (IGR) t                                                                      | "Cataratas del Iguazú International Airport (IGR)"               | location        
489      | Puerto Montt Airport (PMC) to Chiloé Island or rev                                                                      | "Puerto Montt, El Tepual Airport (PMC)"                          | location        
492      | Chaitén Airport (WCH) to Puerto Montt Aerodrome or                                                                      | "Puerto Montt, El Tepual Airport (PMC)"                          | location        
492      | Chaitén Airport (WCH) to Puerto Montt Aerodrome or                                                                      | "Chaitén Airport (WCH)"                                          | location        
498      | Puerto Madryn Airport (PMY) to Puerto Madryn or re                                                                      | "Puerto Madryn Airport (PMY)"                                    | location        
499      | Puerto Madryn Airport (PMY) to Puerto Piramides or                                                                      | "Puerto Madryn Airport (PMY)"                                    | location        
502      | Balmaceda Airport (BBA) to Mallin Colorado Lodge o                                                                      | "Balmaceda Airport (BBA)"                                        | location        
504      | Puerto Pirámides to Trelew Airport (REL) or revers                                                                      | "Trelew Airport (REL)"                                           | location        
506      | Bariloche Airport (BRC) to Bariloche or reverse                                                                         | "Bariloche Airport (BRC)"                                        | location        
508      | Ushuaia Hotel to Ushuaia Airport (USH) or reverse                                                                       | "Ushuaia Airport (USH)"                                          | location        
509      | Mataveri International Airport (IPC) to Explora Ea                                                                      | "Mataveri International Airport (IPC)"                           | location        
518      | Aguas Arriba Lodge to El Calafate Airport (FTE) or                                                                      | "El Calafate Airport (FTE)"                                      | location        
559      | Ushuaia Hotel to Ushuaia Airport (USH) or reverse                                                                       | "Ushuaia Airport (USH)"                                          | location        
568      | Punta Arenas Airport (PUQ) to Puerto Williams Airp                                                                      | "Punta Arenas Airport (PUQ)"                                     | location        
568      | Punta Arenas Airport (PUQ) to Puerto Williams Airp                                                                      | "Puerto Williams Airport (WPU)"                                  | location        
573      | El Calafate to El Calafate Airport (FTE) or revers                                                                      | "El Calafate Airport (FTE)"                                      | location        
574      | Punta Arenas Airport (PUQ) to Puerto Natales or re                                                                      | "Punta Arenas Airport (PUQ)"                                     | location        
575      | El Calafate Hotel to El Calafate Airport (FTE) or                                                                       | "El Calafate Airport (FTE)"                                      | location        
580      | Punta Arenas to Torres del Paine or reverse                                                                             | "Torres Del Paine"                                               | location        
581      | Punta Arenas to Punta Arenas Airport (PUQ) or reve                                                                      | "Punta Arenas Airport (PUQ)"                                     | location        
583      | El Calafate Airport (FTE) to Jorge Newbery Airport                                                                      | "El Calafate Airport (FTE)"                                      | location        
583      | El Calafate Airport (FTE) to Jorge Newbery Airport                                                                      | "Jorge Newbery Airport, Buenos Aires (AEP)"                      | location        
585      | Ushuaia Airport (USH) to Jorge Newbery Airport, Bu                                                                      | "Ushuaia Airport (USH)"                                          | location        
585      | Ushuaia Airport (USH) to Jorge Newbery Airport, Bu                                                                      | "Jorge Newbery Airport, Buenos Aires (AEP)"                      | location        
587      | Temuco Airport (ZCO) to Conguillio National Park o                                                                      | "Temuco Airport (ZCO)"                                           | location        
595      | Estancia Rincón Chico to Trelew Airport (REL) or r                                                                      | "Trelew Airport (REL)"                                           | location        
597      | Puerto Varas to Puerto Montt Aerodrome (SCPF) (for                                                                      | "Puerto Montt Aerodrome (SCPF)"                                  | location        
600      | Ushuaia Airport (USH) or Port to hotel in Ushuaia                                                                       | "Ushuaia Airport (USH)"                                          | location        
602      | El Plumerillo International Airport (MDZ) to Awasi                                                                      | "El Plumerillo International Airport, Mendoza MDZ"               | location        

SHEET: All Activities - For Upload
-------------------------------------------------------------------------------------------------------------
Row      | Row Name                                            | Missing Component         | Type            
-------------------------------------------------------------------------------------------------------------
124      | Temuco Airport to Conguillío National Park Biking   | "Temuco Airport (ZCO)"    | location        
795      | Bariloche to Villa La Angostura Self-Drive          | "Bariloche Airport (BRC)" | location        
802      | San Martín de Los Andes to Bariloche Self-Drive     | "Bariloche Airport (BRC)" | location        

SHEET: All Transfers - For Upload
-----------------------------------------------------------------------------------------------------------------------------------------------------------------------------
Row       | Row Name                                               | Missing Component                                                                      | Type           
-----------------------------------------------------------------------------------------------------------------------------------------------------------------------------
194       | EcoCamp to El Calafate                                 | "Puerto Natales to El Calafate (or reverse)"                                           | journey        
197       | EcoCamp to Puerto Natales (All)                        | "Puerto Natales to Refugio Central/EcoCamp/Las Torres via Cerro Castillo (or reverse)" | journey        
198       | Puerto Natales to EcoCamp Patagonia                    | "Puerto Natales to Refugio Central/EcoCamp/Las Torres via Cerro Castillo (or reverse)" | journey        
268       | El Chaltén to Rio Electrico (Laguna de Los Tres)       | "El Chaltén to Rio Electrico (Laguna de Los Tres)"                                     | journey        
270       | El Chaltén to Rio Electrico (Laguna de Los Tres)       | "El Chaltén to Rio Electrico (Laguna de Los Tres)"                                     | journey        
271       | El Chaltén to Rio Electrico (Laguna de Los Tres)       | "El Chaltén to Rio Electrico (Laguna de Los Tres)"                                     | journey        
529       | Public Bus El Calafate to Puerto Natales               | "Puerto Natales to El Calafate (or reverse)"                                           | journey        
530       | Public Bus El Calafate to Puerto Natales               | "Puerto Natales to El Calafate (or reverse)"                                           | journey        
534       | Public Bus Puerto Natales to El Calafate               | "Puerto Natales to El Calafate (or reverse)"                                           | journey        
589       | Puerto Natales to EcoCamp                              | "Puerto Natales to Refugio Central/EcoCamp/Las Torres via Cerro Castillo (or reverse)" | journey        
607       | Puerto Natales to Torres del Paine (Refugio Centra     | "Puerto Natales to Refugio Central/EcoCamp/Las Torres via Cerro Castillo (or reverse)" | journey        
616       | Puerto Varas to Bariloche                              | "Puerto Varas to Bariloche or reverse"                                                 | journey        
788       | Town Hotel - Lake Esmeralda                            | "Hotel (City Center) - Lake Esmeralda or reverse"                                      | journey        
789       | Town Hotel - TDF National Park                         | "Hotel (City Center) - Tierra Del Fuego National Park or reverse"                      | journey        
791       | USH - Port                                             | "Ushuaia Malvinas Argentinas (USH) - Port or reverse"                                  | journey        
794       | USH to Port                                            | "Ushuaia Malvinas Argentinas (USH) - Port or reverse"                                  | journey        
1042      | Puerto Natales to Refugio Central                      | "Puerto Natales to Refugio Central/EcoCamp/Las Torres via Cerro Castillo (or reverse)" | journey        
1044      | Puerto Natales to El Calafate                          | "Puerto Natales to El Calafate (or reverse)"                                           | journey        
1063      | El Calafate to Puerto Natales                          | "Puerto Natales to El Calafate (or reverse)"                                           | journey        

SHEET: ANT Transfers
--------------------------------------------------------------------------------------------------------------------------------------
Row      | Row Name                      | Missing Component                                                         | Type           
--------------------------------------------------------------------------------------------------------------------------------------
3        | AEP - City Hotel              | "Aeroparque Internacional Jorge Newbery (AEP) - City Hotel"               | journey        
4        | AEP - City Hotel              | "Aeroparque Internacional Jorge Newbery (AEP) - City Hotel"               | journey        
5        | City Hotel - EZE              | "Recoleta Hotel - Ministro Pistarini International Airport, Ezeiza (EZE)" | journey        
6        | City Hotel - EZE              | "Recoleta Hotel - Ministro Pistarini International Airport, Ezeiza (EZE)" | journey        
7        | City Hotel - EZE              | "Recoleta Hotel - Ministro Pistarini International Airport, Ezeiza (EZE)" | journey        
8        | City Hotel - AEP              | "City Hotel - Aeroparque Internacional Jorge Newbery (AEP)"               | journey        
9        | City Hotel - AEP              | "City Hotel - Aeroparque Internacional Jorge Newbery (AEP)"               | journey        
10       | City Hotel - AEP              | "City Hotel - Aeroparque Internacional Jorge Newbery (AEP)"               | journey        
14       | USH to Hotel (City Centre)    | "Ushuaia Malvinas Argentinas (USH) - Hotel (downtown)"                    | journey        
15       | USH to Hotel (City Centre)    | "Ushuaia Malvinas Argentinas (USH) - Hotel (downtown)"                    | journey        
16       | USH to Hotel (City Centre)    | "Ushuaia Malvinas Argentinas (USH) - Hotel (downtown)"                    | journey        
17       | USH to Port                   | "Ushuaia Malvinas Argentinas (USH) - Port"                                | journey        
18       | USH to Port                   | "Ushuaia Malvinas Argentinas (USH) - Port"                                | journey        
19       | USH to Port                   | "Ushuaia Malvinas Argentinas (USH) - Port"                                | journey        
20       | USH to Los Acebos/Las Hayas   | "Ushuaia Malvinas Argentinas (USH) - Las Hayas"                           | journey        
21       | USH to Arakur Hotel           | "Ushuaia Malvinas Argentinas (USH) - Arakur"                              | journey        
22       | USH to Arakur Hotel           | "Ushuaia Malvinas Argentinas (USH) - Arakur"                              | journey        
23       | USH to Arakur Hotel           | "Ushuaia Malvinas Argentinas (USH) - Arakur"                              | journey        
24       | USH to Los Cauquenes          | "Ushuaia Malvinas Argentinas (USH) - Los Cauquenes"                       | journey        
25       | Los Acebos/Las Hayas - Port   | "Las Hayas hotel - Port"                                                  | journey        
26       | Arakur Hotel - Port           | "Arakur Hotel - Port"                                                     | journey        
27       | Arakur Hotel - Port           | "Arakur Hotel - Port"                                                     | journey        
28       | Arakur Hotel - Port           | "Arakur Hotel - Port"                                                     | journey        
29       | Los Cauquenes - Port          | "Los Cauquenes - Port"                                                    | journey        
30       | City Hotel - SCL              | "City Hotel - Arturo Merino Benitez International Airport SCL"            | journey        

SHEET: Excursions Package
-------------------------------------------------------------------------------------------------------------------------------------------------------------------------
Row       | Row Name                                                    | Missing Component                                                            | Type            
-------------------------------------------------------------------------------------------------------------------------------------------------------------------------
4         | Hanging Glaciers Hike                                       | "Aguas Arriba Lodge to Activity Aguas Arriba Lodge"                          | transfer        
154       | Bahía Tranquila Hike                                        | "El Chaltén Hotel to Activity H&T Driver Only"                               | transfer        
157       | Cerro Torre Viewpoint half-day Hike                         | "Cerro Torre Viewpoint Hike"                                                 | activity        
158       | Cerro Torre Viewpoint half-day Hike                         | "Cerro Torre Viewpoint Hike"                                                 | activity        
159       | Cerro Torre Viewpoint half-day Hike                         | "Cerro Torre Viewpoint Hike"                                                 | activity        
169       | Estancia La Estela Horse Riding                             | "El Chaltén Hotel to Activity H&T Driver Only"                               | transfer        
172       | La Leona Petrified Forest Walk                              | "El Chaltén Hotel to Activity H&T Driver Only"                               | transfer        
175       | Lago del Desierto and Huemul Glacier Viewpoint Hik          | "El Chaltén Hotel to Activity H&T Driver Only"                               | transfer        
178       | Lago del Desierto Hike                                      | "El Chaltén Hotel to Activity H&T Driver Only"                               | transfer        
181       | Lago del Desierto Kayak and Hike                            | "El Chaltén Hotel to Activity H&T Driver Only"                               | transfer        
184       | Lago del Desierto Kayaking                                  | "El Chaltén Hotel to Activity H&T Driver Only"                               | transfer        
190       | Laguna del Diablo and Puesto Cagliero Hike                  | "El Chaltén Hotel to Activity H&T Driver Only"                               | transfer        
199       | Madsen House Tour - El Chaltén                              | "El Chaltén Hotel to Activity H&T Driver Only"                               | transfer        
202       | Laguna de Los Tres full-day Hike                            | "El Chaltén Hotel to Activity H&T Driver Only"                               | transfer        
206       | Paso del Cuadrado Hike                                      | "El Chaltén Hotel to Activity H&T Driver Only"                               | transfer        
209       | Piedra del Fraile Hike                                      | "El Chaltén Hotel to Activity H&T Driver Only"                               | transfer        
212       | Pollone Glacier Hike                                        | "El Chaltén Hotel to Activity H&T Driver Only"                               | transfer        
215       | Río de Las Vueltas Mountain Biking                          | "El Chaltén Hotel to Activity H&T Driver Only"                               | transfer        
218       | Río La Leona kayaking                                       | "El Chaltén Hotel to Activity H&T Driver Only"                               | transfer        
228       | Bahía Róbalo Hike                                           | "Errante Ecolodge to Beagle Channel Errante Ecolodge Driver Only"            | transfer        
229       | Bahía Virginia Hike                                         | "Errante Ecolodge to Beagle Channel Errante Ecolodge Driver Only"            | transfer        
230       | Beagle Channel Biking                                       | "Errante Ecolodge to Beagle Channel Errante Ecolodge Driver Only"            | activity        
230       | Beagle Channel Biking                                       | "Beagle Channel Biking"                                                      | transfer        
232       | Cerro Bandera Day Hike                                      | "Errante Ecolodge to Activity Errante Ecolodge Driver Only"                  | transfer        
233       | Darwin Range Glaciers Sailing Trip                          | "Errante Ecolodge to Puerto Navarino Errante Ecolodge Driver Only"           | transfer        
235       | Omora Ethnobotanical Park                                   | "Errante Ecolodge to Omora Ethnobotanical Park Errante Ecolodge Driver Only" | transfer        
236       | Puerto Williams City Tour                                   | "Errante Ecolodge to Puerto Williams Errante Ecolodge Driver Only"           | transfer        
238       | Zañartu Peninsula Horse Ride                                | "Errante Ecolodge to Activity Errante Ecolodge Driver Only"                  | transfer        
333       | Cerro Torre Viewpoint Hike                                  | "Cerro Torre Viewpoint Hike"                                                 | activity        
343       | Laguna Torre Hike                                           | "Laguna Torre Hike"                                                          | activity        
361       | Blugrin - Cochrane River and Lake                           | "Blugrin - Cochrane River and Lake"                                          | activity        
366       | Cochrane River                                              | "Cochrane River"                                                             | activity        
455       | French Valley Hike from Lago Pehoé and back                 | "Lago Pehoé: Pudeto Dock to Paine Grande Dock Hotel Río Serrano"             | transfer        
457       | Glacier Grey Viewpoint Hike                                 | "Lago Pehoé: Pudeto Dock to Paine Grande Dock Hotel Río Serrano"             | transfer        
646       | Base of the Towers Viewpoint Hike                           | "Remota Lodge to Activity Remota Lodge"                                      | transfer        
647       | Benitez Hill Caves Trail Hike                               | "Remota Lodge to Activity Remota Lodge"                                      | transfer        
648       | Cerro Castillo Hike                                         | "Remota Lodge to Activity Remota Lodge"                                      | transfer        
649       | Base of the Towers Viewpoint Hike (Remota)                  | "Remota Lodge to Activity Remota Lodge"                                      | transfer        
650       | Cerro Tenerife Hike                                         | "Remota Lodge to Activity Remota Lodge"                                      | transfer        
651       | Benitez Hill Caves Trail Hike                               | "Remota Lodge to Activity Remota Lodge"                                      | transfer        
652       | Estancia Horse Ride                                         | "Remota Lodge to Activity Remota Lodge"                                      | transfer        
653       | Cerro Castillo Hike                                         | "Remota Lodge to Activity Remota Lodge"                                      | transfer        
654       | Estancia Los Rebaños Bike Ride                              | "Remota Lodge to Activity Remota Lodge"                                      | transfer        
655       | Estancia Puerto Conselo Tour                                | "Remota Lodge to Activity Remota Lodge"                                      | transfer        
656       | Cerro Tenerife Hike                                         | "Remota Lodge to Activity Remota Lodge"                                      | transfer        
657       | French Valley Hike from Lago Pehoé and back                 | "Remota Lodge to Activity Remota Lodge"                                      | transfer        
657       | French Valley Hike from Lago Pehoé and back                 | "Lago Pehoé: Pudeto Dock to Paine Grande Dock Remota Lodge"                  | transfer        
659       | Estancia Los Rebaños Bike Ride                              | "Remota Lodge to Activity Remota Lodge"                                      | transfer        
660       | Lago Grey Boat Trip                                         | "Remota Lodge to Activity Remota Lodge"                                      | transfer        
662       | French Valley Hike from Lago Pehoé and back                 | "Remota Lodge to Activity Remota Lodge"                                      | transfer        
662       | French Valley Hike from Lago Pehoé and back                 | "Lago Pehoé: Pudeto Dock to Paine Grande Dock Remota Lodge"                  | transfer        
663       | Lago Grey Boat Trip (Remota)                                | "Remota Lodge to Activity Remota Lodge"                                      | transfer        
664       | Last Hope Fjord Boat Trip                                   | "Remota Lodge to Activity Remota Lodge"                                      | transfer        
665       | Milodon Cave Hike                                           | "Remota Lodge to Activity Remota Lodge"                                      | transfer        
666       | Mirador del Toro Hike                                       | "Remota Lodge to Activity Remota Lodge"                                      | transfer        
667       | Last Hope Fjord Boat Trip                                   | "Remota Lodge to Puerto Natales Remota Lodge Driver Only"                    | transfer        
668       | Mirador Ferrier & Monzino Hike                              | "Remota Lodge to Activity Remota Lodge"                                      | transfer        
669       | Milodon Cave Hike                                           | "Remota Lodge to Puerto Natales Remota Lodge Driver Only"                    | transfer        
670       | Mirador del Toro Hike                                       | "Remota Lodge to Puerto Natales Remota Lodge Driver Only"                    | transfer        
671       | Mirador Ferrier & Monzino Hike                              | "Remota Lodge to Puerto Natales Remota Lodge Driver Only"                    | transfer        
672       | Pingo Valley Day Hike                                       | "Remota Lodge to Activity Remota Lodge"                                      | transfer        
673       | Pinturas Rupestre Hike                                      | "Remota Lodge to Activity Remota Lodge"                                      | transfer        
674       | Puerto Natales City Tour                                    | "Remota Lodge to Activity Remota Lodge"                                      | transfer        
675       | Pingo Valley Day Hike (Remota)                              | "Remota Lodge to Activity Remota Lodge"                                      | transfer        
677       | Puerto Natales City Tour                                    | "Remota Lodge to Puerto Natales Remota Lodge Driver Only"                    | transfer        
697       | Atacama Salt Flats tour                                     | "Tierra Atacama to Activity Tierra Guided"                                   | transfer        
698       | Cejar Lagoon Bike Ride                                      | "Activity to Tierra Atacama Tierra Guided"                                   | transfer        
699       | Cejar Lagoon Hike & Bathe                                   | "Activity to Tierra Atacama Tierra Guided"                                   | transfer        
700       | Cerro Toco Summit Ascent Hike                               | "Tierra Atacama to Activity Tierra Guided"                                   | transfer        
701       | Devil's Canyon Hike                                         | "Tierra Atacama to Activity Tierra Guided"                                   | transfer        
702       | Guatin Cactus Valley Hike                                   | "Tierra Atacama to Activity Tierra Guided"                                   | transfer        
703       | High Plains Lagoons & Piedras Rojas hike                    | "Tierra Atacama to Activity Tierra Guided"                                   | transfer        
704       | Purilactis Hike                                             | "Tierra Atacama to Activity Tierra Guided"                                   | transfer        
705       | Rainbow Valley - Half-day Hike                              | "Tierra Atacama to Activity Tierra Guided"                                   | transfer        
706       | Tatio Geysers                                               | "Tierra Atacama to Activity Tierra Guided"                                   | transfer        
707       | Vallecito hike                                              | "Tierra Atacama to Activity Tierra Guided"                                   | transfer        
708       | Baguales Fossil Trail Hike                                  | "Tierra Patagonia to Activity Tierra"                                        | transfer        
709       | Base of the Towers Viewpoint Hike                           | "Tierra Patagonia to Activity Tierra"                                        | transfer        
710       | Canadon Macho Hike                                          | "Tierra Patagonia to Activity Tierra"                                        | transfer        
711       | Cuernos Viewpoint Hike                                      | "Tierra Patagonia to Activity Tierra"                                        | transfer        
712       | Estancia Lazo Horse Ride                                    | "Tierra Patagonia to Activity Tierra"                                        | transfer        
713       | Estancia Lazo to Weber Bridge Hike                          | "Tierra Patagonia to Activity Tierra"                                        | transfer        
714       | Fauna Trail                                                 | "Tierra Patagonia to Activity Tierra"                                        | transfer        
715       | Glacier Grey Boat Trip & Hike                               | "Tierra Patagonia to Activity Tierra"                                        | transfer        
716       | Glacier Grey Sailing; Touring the Paine Massif              | "Tierra Patagonia to Activity Tierra"                                        | transfer        
717       | Lago Pehoé Boat Ride and French Valley Hike                 | "Tierra Patagonia to Activity Tierra"                                        | transfer        
717       | Lago Pehoé Boat Ride and French Valley Hike                 | "Lago Pehoé: Pudeto Dock to Paine Grande Dock Tierra Patagonia"              | transfer        
718       | Sarmiento Lake Hike                                         | "Tierra Patagonia to Activity Tierra"                                        | transfer        
722       | Beagle Channel Half-Day Boat Excursion                      | "Ushuaia Hotel to Activity H&T"                                              | transfer        
728       | End of the World Train and National Park Walk               | "Ushuaia Hotel to Activity H&T"                                              | transfer        
728       | End of the World Train and National Park Walk               | "End of the World Train Station and Tierra del Fuego National Park Walk"     | activity        
729       | End of the World Train and National Park Walk               | "End of the World Train Station and Tierra del Fuego National Park Walk"     | activity        
734       | Estancia Túnel Biking                                       | "Ushuaia Hotel to Activity H&T"                                              | transfer        
740       | Laguna Esmeralda Hike                                       | "Ushuaia Hotel to Activity H&T"                                              | transfer        
743       | Laguna Esmeralda, Ojo del Albino Glacial Traverse           | "Ushuaia Hotel to Activity H&T"                                              | transfer        
746       | Laguna Turquesa & Carabajal Valley Hike                     | "Ushuaia Hotel to Activity H&T"                                              | transfer        
749       | Lapataia Experience - Ushuaia                               | "Ushuaia Hotel to Activity H&T"                                              | transfer        
752       | Martial Glacier Dinner at Night                             | "Ushuaia Hotel to Activity H&T"                                              | transfer        
755       | Martial Glacier Hike                                        | "Ushuaia Hotel to Activity H&T"                                              | transfer        
758       | Mount Susana Hike                                           | "Ushuaia Hotel to Activity H&T"                                              | transfer        
761       | Penguin Watching by Bus & Boat at Martillo Island           | "Ushuaia Hotel to Activity H&T"                                              | transfer        
764       | Sea Lions, Birds, Lighthouse and Martillo Island P          | "Ushuaia Hotel to Activity H&T"                                              | transfer        
767       | Tierra del Fuego National Park Birdwatching                 | "Ushuaia Hotel to Activity H&T"                                              | transfer        
778       | Tierra del Fuego National Park Trails Hike                  | "Ushuaia Hotel to Activity H&T"                                              | transfer        
781       | Tierra del Fuego National Park with Trekking & Can          | "Ushuaia Hotel to Activity H&T"                                              | transfer        
784       | Ushuaia Helicopter Overflights                              | "Ushuaia Hotel to Activity H&T"                                              | transfer        
787       | Monte Susana Horse Ride                                     | "Ushuaia Hotel to Activity H&T"                                              | transfer        
790       | Vinciguerra Glacier Valley Day Hike                         | "Ushuaia Hotel to Activity H&T"                                              | transfer        
814       | Baker River Rafting                                         | "Mallín Colorado to Puerto Bertrand Senderos Patagonia Aysén"                | transfer        
826       | Cerro Falkner Hike                                          | "Río Hermoso Lodge to Activity Andestrack"                                   | transfer        
830       | Córdoba Pass Biking                                         | "Río Hermoso Lodge to Activity Andestrack"                                   | transfer        
835       | Cerro Bellavista Hike                                       | "Bariloche to Activity Andestrack Guided"                                    | transfer        
843       | Cerro Goye Hike                                             | "Bariloche to Activity Andestrack Guided"                                    | transfer        
845       | Falkner Lake Biking                                         | "Río Hermoso Lodge to Activity Andestrack"                                   | transfer        
847       | Colonia Suiza Mountain Biking                               | "Bariloche to Activity Andestrack Guided"                                    | transfer        
857       | Iguazú Falls Tour (Brazilian side)                          | "Puerto Iguazu (IGR) to Activity H&T"                                        | transfer        
858       | Iguazú Falls Tour with Train Ride (Argentinian sid          | "Cataratas/Puerto Iguazú Hotel to Activity H&T"                              | transfer        
860       | Kayak on Lake Machónico                                     | "Río Hermoso Lodge to Activity Andestrack"                                   | transfer        
866       | Kayak on Lake Mascardi                                      | "Bariloche to Activity Andestrack Guided"                                    | transfer        
882       | Patagonia Park - Day Hike                                   | "Hotel Ultimo Paraiso to Altas Hike Senderos Patagonia Aysén"                | transfer        
883       | Patagonia Park - Day Hike (Tamango side)                    | "Hotel Ultimo Paraiso to Aviles Hike Senderos Patagonia Aysén"               | transfer        
889       | Nahuel Huapi Estancia Horse Riding                          | "Bariloche to Activity Andestrack Guided"                                    | transfer        
?         | unknown field                                               | "Activity to Aguas Arriba Lodge Aguas Arriba Lodge"                          | transfer        
?         | unknown field                                               | "Awasi Atacama to El Tatio Geysers"                                          | transfer        
?         | unknown field                                               | "Activity to El Chaltén Hotel H&T"                                           | transfer        
?         | unknown field                                               | "Activity to El Chaltén Hotel H&T"                                           | transfer        
?         | unknown field                                               | "Activity to El Chaltén Hotel H&T"                                           | transfer        
?         | unknown field                                               | "Activity to El Chaltén Hotel H&T"                                           | transfer        
?         | unknown field                                               | "Activity to El Chaltén Hotel H&T"                                           | transfer        
?         | unknown field                                               | "Activity to El Chaltén Hotel H&T"                                           | transfer        
?         | unknown field                                               | "Activity to El Chaltén Hotel H&T"                                           | transfer        
?         | unknown field                                               | "Activity to El Chaltén Hotel H&T"                                           | transfer        
?         | unknown field                                               | "Activity to El Chaltén Hotel H&T"                                           | transfer        
?         | unknown field                                               | "Activity to El Chaltén Hotel H&T"                                           | transfer        
?         | unknown field                                               | "Activity to El Chaltén Hotel H&T"                                           | transfer        
?         | unknown field                                               | "Activity to El Chaltén Hotel H&T"                                           | transfer        
?         | unknown field                                               | "Activity to El Chaltén Hotel H&T"                                           | transfer        
?         | unknown field                                               | "Activity to El Chaltén Hotel H&T"                                           | transfer        
?         | unknown field                                               | "Beagle Channel to Errante Ecolodge Errante Ecolodge Driver Only"            | transfer        
?         | unknown field                                               | "Beagle Channel to Errante Ecolodge Errante Ecolodge Driver Only"            | transfer        
?         | unknown field                                               | "Beagle Channel to Errante Ecolodge Errante Ecolodge Driver Only"            | transfer        
?         | unknown field                                               | "Activity to Errante Ecolodge Errante Ecolodge Driver Only"                  | transfer        
?         | unknown field                                               | "Activity to Errante Ecolodge Errante Ecolodge Driver Only"                  | transfer        
?         | unknown field                                               | "Puerto Navarino to Errante Ecolodge Errante Ecolodge Driver Only"           | transfer        
?         | unknown field                                               | "Omora Ethnobotanical Park to Errante Ecolodge Errante Ecolodge Driver Only" | transfer        
?         | unknown field                                               | "Puerto Williams to Errante Ecolodge Errante Ecolodge Driver Only"           | transfer        
?         | unknown field                                               | "Activity to Remota Lodge Remota Lodge"                                      | transfer        
?         | unknown field                                               | "Activity to Remota Lodge Remota Lodge"                                      | transfer        
?         | unknown field                                               | "Activity to Remota Lodge Remota Lodge"                                      | transfer        
?         | unknown field                                               | "Activity to Remota Lodge Remota Lodge"                                      | transfer        
?         | unknown field                                               | "Activity to Remota Lodge Remota Lodge"                                      | transfer        
?         | unknown field                                               | "Activity to Remota Lodge Remota Lodge"                                      | transfer        
?         | unknown field                                               | "Activity to Remota Lodge Remota Lodge"                                      | transfer        
?         | unknown field                                               | "Activity to Remota Lodge Remota Lodge"                                      | transfer        
?         | unknown field                                               | "Activity to Remota Lodge Remota Lodge"                                      | transfer        
?         | unknown field                                               | "Activity to Remota Lodge Remota Lodge"                                      | transfer        
?         | unknown field                                               | "Activity to Remota Lodge Remota Lodge"                                      | transfer        
?         | unknown field                                               | "Activity to Remota Lodge Remota Lodge"                                      | transfer        
?         | unknown field                                               | "Activity to Remota Lodge Remota Lodge"                                      | transfer        
?         | unknown field                                               | "Activity to Remota Lodge Remota Lodge"                                      | transfer        
?         | unknown field                                               | "Activity to Remota Lodge Remota Lodge"                                      | transfer        
?         | unknown field                                               | "Activity to Remota Lodge Remota Lodge"                                      | transfer        
?         | unknown field                                               | "Activity to Remota Lodge Remota Lodge"                                      | transfer        
?         | unknown field                                               | "Activity to Remota Lodge Remota Lodge"                                      | transfer        
?         | unknown field                                               | "Activity to Remota Lodge Remota Lodge"                                      | transfer        
?         | unknown field                                               | "Activity to Remota Lodge Remota Lodge"                                      | transfer        
?         | unknown field                                               | "Activity to Remota Lodge Remota Lodge"                                      | transfer        
?         | unknown field                                               | "Activity to Remota Lodge Remota Lodge"                                      | transfer        
?         | unknown field                                               | "Activity to Remota Lodge Remota Lodge"                                      | transfer        
?         | unknown field                                               | "Activity to Remota Lodge Remota Lodge"                                      | transfer        
?         | unknown field                                               | "Puerto Natales to Remota Lodge Remota Lodge Driver Only"                    | transfer        
?         | unknown field                                               | "Puerto Natales to Remota Lodge Remota Lodge Driver Only"                    | transfer        
?         | unknown field                                               | "Activity to Tierra Atacama Tierra Guided"                                   | transfer        
?         | unknown field                                               | "Activity to Tierra Atacama Tierra Guided"                                   | transfer        
?         | unknown field                                               | "Activity to Tierra Atacama Tierra Guided"                                   | transfer        
?         | unknown field                                               | "Activity to Tierra Atacama Tierra Guided"                                   | transfer        
?         | unknown field                                               | "Activity to Tierra Atacama Tierra Guided"                                   | transfer        
?         | unknown field                                               | "Activity to Tierra Atacama Tierra Guided"                                   | transfer        
?         | unknown field                                               | "Activity to Tierra Atacama Tierra Guided"                                   | transfer        
?         | unknown field                                               | "Activity to Tierra Atacama Tierra Guided"                                   | transfer        
?         | unknown field                                               | "Activity to Tierra Atacama Tierra Guided"                                   | transfer        
?         | unknown field                                               | "Activity to Tierra Patagonia Tierra"                                        | transfer        
?         | unknown field                                               | "Activity to Tierra Patagonia Tierra"                                        | transfer        
?         | unknown field                                               | "Activity to Tierra Patagonia Tierra"                                        | transfer        
?         | unknown field                                               | "Activity to Tierra Patagonia Tierra"                                        | transfer        
?         | unknown field                                               | "Activity to Tierra Patagonia Tierra"                                        | transfer        
?         | unknown field                                               | "Activity to Tierra Patagonia Tierra"                                        | transfer        
?         | unknown field                                               | "Activity to Tierra Patagonia Tierra"                                        | transfer        
?         | unknown field                                               | "Activity to Tierra Patagonia Tierra"                                        | transfer        
?         | unknown field                                               | "Activity to Tierra Patagonia Tierra"                                        | transfer        
?         | unknown field                                               | "Lago Pehoé: Paine Grande Dock to Pudeto Dock Tierra Patagonia"              | transfer        
?         | unknown field                                               | "Activity to Ushuaia Hotel H&T"                                              | transfer        
?         | unknown field                                               | "Activity to Ushuaia Hotel H&T"                                              | transfer        
?         | unknown field                                               | "Activity to Ushuaia Hotel H&T"                                              | transfer        
?         | unknown field                                               | "Activity to Ushuaia Hotel H&T"                                              | transfer        
?         | unknown field                                               | "Activity to Ushuaia Hotel H&T"                                              | transfer        
?         | unknown field                                               | "Activity to Ushuaia Hotel H&T"                                              | transfer        
?         | unknown field                                               | "Activity to Ushuaia Hotel H&T"                                              | transfer        
?         | unknown field                                               | "Activity to Ushuaia Hotel H&T"                                              | transfer        
?         | unknown field                                               | "Activity to Ushuaia Hotel H&T"                                              | transfer        
?         | unknown field                                               | "Activity to Ushuaia Hotel H&T"                                              | transfer        
?         | unknown field                                               | "Activity to Ushuaia Hotel H&T"                                              | transfer        
?         | unknown field                                               | "Activity to Ushuaia Hotel H&T"                                              | transfer        
?         | unknown field                                               | "Activity to Ushuaia Hotel H&T"                                              | transfer        
?         | unknown field                                               | "Activity to Ushuaia Hotel H&T"                                              | transfer        
?         | unknown field                                               | "Activity to Ushuaia Hotel H&T"                                              | transfer        
?         | unknown field                                               | "Activity to Ushuaia Hotel H&T"                                              | transfer        
?         | unknown field                                               | "Activity to Ushuaia Hotel H&T"                                              | transfer        
?         | unknown field                                               | "Activity to Ushuaia Hotel H&T"                                              | transfer        
?         | unknown field                                               | "Puerto Betrand to Cochrane Senderos Patagonia Aysén"                        | transfer        
?         | unknown field                                               | "Activity to Río Hermoso Lodge Andestrack"                                   | transfer        
?         | unknown field                                               | "Activity to Río Hermoso Lodge Andestrack"                                   | transfer        
?         | unknown field                                               | "Activity to Río Hermoso Lodge Andestrack"                                   | transfer        
?         | unknown field                                               | "Activity to Río Hermoso Lodge Andestrack"                                   | transfer        
?         | unknown field                                               | "Activity to Bariloche Andestrack Guided"                                    | transfer        
?         | unknown field                                               | "Activity to Bariloche Andestrack Guided"                                    | transfer        
?         | unknown field                                               | "Activity to Bariloche Andestrack Guided"                                    | transfer        
?         | unknown field                                               | "Activity to Bariloche Andestrack Guided"                                    | transfer        
?         | unknown field                                               | "Activity to Bariloche Andestrack Guided"                                    | transfer        
?         | unknown field                                               | "Activity to Puerto Iguazu (IGR) H&T"                                        | transfer        
?         | unknown field                                               | "Activity to Cataratas/Puerto Iguazú Hotel H&T"                              | transfer        
?         | unknown field                                               | "Altas Hike to Hotel Ultimo Paraiso Senderos Patagonia Aysén"                | transfer        
?         | unknown field                                               | "Aviles Hike to Hotel Ultimo Paraiso Senderos Patagonia Aysén"               | transfer        
